target,model,r2_mean,r2_std,r2_ci_lo,r2_ci_hi,mae_mean
curie_temperature_K,Linear Regression,0.4595129827621125,0.05375601396274925,0.4311561326669266,0.485774693314856,144.97614324130527
curie_temperature_K,Ridge,0.46984015673475105,0.047212273759782104,0.4444410451416561,0.4926562977715537,144.13509150869598
curie_temperature_K,Lasso,0.4614611618231981,0.05224685878764091,0.4336517333468153,0.4870245344901098,144.79262825119423
curie_temperature_K,KNN,0.503830216704682,0.07252237037831237,0.46229443879026105,0.5376444953350124,132.6710186974612
curie_temperature_K,SVR,0.4415208352790844,0.05004041789159954,0.4148043538586697,0.4660330651597503,144.9412296576526
curie_temperature_K,MLP (sklearn),0.5679077078840026,0.05526724917774107,0.5404656011674229,0.5951306049871599,128.59432823646884
curie_temperature_K,Random Forest,0.6755501633856466,0.05902531806891378,0.6464709895566436,0.7047605864867301,107.60727496045055
curie_temperature_K,Gradient Boosting,0.653871152019872,0.05035103272792988,0.6280687000062415,0.6791171185654139,114.46475848544489
curie_temperature_K,XGBoost,0.6276908267907875,0.07024476437427594,0.5930472024859046,0.6627773690233393,116.49425024444942
curie_temperature_K,LightGBM,0.6545545124729697,0.0565133603341073,0.6259488788955534,0.681916578140927,114.83339213552772
formation_energy_eV_atom,Linear Regression,0.15446383289538182,0.0637006924573955,0.11934354988568804,0.18380759927595222,0.0628654803003314
formation_energy_eV_atom,Ridge,0.1572436704713624,0.06198636968015432,0.12324933019199237,0.1861508796938431,0.06278768556606534
formation_energy_eV_atom,Lasso,0.12239891455407817,0.019820419150577154,0.11209250957593928,0.13198374349833453,0.062245953306963316
formation_energy_eV_atom,KNN,0.19816961252694001,0.12862398780197676,0.13129200376227007,0.26037348046659886,0.05995134154580268
formation_energy_eV_atom,SVR,0.1595149836222662,0.1408598363899765,0.08486112030204315,0.2281187589724383,0.06494826783362319
formation_energy_eV_atom,MLP (sklearn),-0.09508230357022682,0.2501811187723742,-0.22455913391020976,0.03136561773241131,0.07412607029207968
formation_energy_eV_atom,Random Forest,0.34416813930872947,0.0976216757744284,0.29181168754985937,0.3920337319046474,0.05467063156418804
formation_energy_eV_atom,Gradient Boosting,0.30563325451263884,0.11534911614125871,0.2454140570625191,0.36065024517377764,0.056794053294555606
formation_energy_eV_atom,XGBoost,0.24352335196912006,0.13558287574040295,0.17008226387155392,0.3096721784496378,0.05875132427407597
formation_energy_eV_atom,LightGBM,0.2696013772851801,0.12467693319017482,0.20226203486554548,0.33014633260252413,0.05808070259497623
hull_distance_eV_atom,Linear Regression,0.085217823599143,0.04695773244044643,0.05993518685224697,0.10671827115762175,0.0490053048360596
hull_distance_eV_atom,Ridge,0.08851300590656161,0.045594465737965995,0.06390410342427653,0.10955170771215128,0.04892942086455062
hull_distance_eV_atom,Lasso,0.030680147589900165,0.007292640944707841,0.026690022772399055,0.03400544447836887,0.05076086280621865
hull_distance_eV_atom,KNN,0.055924310036892216,0.07198869917208794,0.019835476032521577,0.09242773758068275,0.04965961375127364
hull_distance_eV_atom,SVR,0.07081783061838094,0.04648275324740698,0.04843981644003456,0.09434157755954518,0.04946370619869984
hull_distance_eV_atom,MLP (sklearn),-0.6313517570437737,0.24531596070341818,-0.7631800482367966,-0.5060231433850845,0.06289016842072578
hull_distance_eV_atom,Random Forest,0.26834452210622234,0.05460401578908708,0.23931952753226587,0.2949219603164484,0.043753840895603066
hull_distance_eV_atom,Gradient Boosting,0.19677851520331818,0.06014415845840929,0.16569587512615924,0.22608110484439006,0.04542805613007469
hull_distance_eV_atom,XGBoost,0.13404492552306077,0.07393110400756517,0.09444857862909116,0.17004991580481976,0.047051246461821336
hull_distance_eV_atom,LightGBM,0.14107669968637512,0.06653336583748774,0.10699643354252553,0.17364491625730832,0.04665734734333493
total_magnetization_muB_fu,Linear Regression,0.48613469832991424,0.0786686503167255,0.44494596418795984,0.5232662352023988,0.4567403541064782
total_magnetization_muB_fu,Ridge,0.4864646092093597,0.07848440772147394,0.445085487865778,0.5237417896641876,0.45515833588992355
total_magnetization_muB_fu,Lasso,0.48762864380197946,0.07751283917549003,0.4461848947013539,0.5244317959558922,0.43767780630777153
total_magnetization_muB_fu,KNN,0.6408200873926648,0.07230040907737281,0.6054855227972072,0.67743375003016,0.3236416342704927
total_magnetization_muB_fu,SVR,0.6764012919329487,0.06388690617174489,0.6448902546970684,0.7081084082089766,0.30571142297075377
total_magnetization_muB_fu,MLP (sklearn),0.6823706097355514,0.07273715236626851,0.6442598038329086,0.7194446851974733,0.33534353572448977
total_magnetization_muB_fu,Random Forest,0.8416478017205329,0.06825148344298254,0.8036783881925676,0.8727697886945547,0.19140044481318685
total_magnetization_muB_fu,Gradient Boosting,0.8045947920431602,0.06134281453870207,0.7727511600677905,0.8347358465597293,0.2334593868881404
total_magnetization_muB_fu,XGBoost,0.8339651388691397,0.07538695110954262,0.7923875974348106,0.8688708833997767,0.18918513100082016
total_magnetization_muB_fu,LightGBM,0.838246893856556,0.05278793153610175,0.8086183846948346,0.8623936875980294,0.21525498059584383
