family,target,model,r2_mean,r2_std,mae_mean
Full,curie_temperature_K,Linear Regression,0.26445405586841814,0.09360425210333367,78.84514818173152
Full,curie_temperature_K,Ridge,0.26536648694756515,0.09358445876060383,78.81563960182322
Full,curie_temperature_K,Lasso,0.26694174040110746,0.09240264902534717,78.80350248645509
Full,curie_temperature_K,KNN,0.3245588749205091,0.14355933382274305,72.99636817250288
Full,curie_temperature_K,SVR,0.23723305797795066,0.1261986969580563,79.9540041509518
Full,curie_temperature_K,MLP (sklearn),0.28914304647477634,0.10644428631717749,78.08243223757405
Full,curie_temperature_K,Random Forest,0.5610772210922602,0.12770744086621058,54.489293860821526
Full,curie_temperature_K,Gradient Boosting,0.5806207723484182,0.14881953201141937,55.7839748842314
Full,curie_temperature_K,XGBoost,0.3594876858894761,0.5002763350233603,59.02945779873323
Full,curie_temperature_K,LightGBM,0.581722280715893,0.10261034866674337,58.50228985803212
Full,formation_energy_eV_atom,Linear Regression,-0.13923205859905058,0.21581973038234634,0.024021673730990848
Full,formation_energy_eV_atom,Ridge,-0.13539952858714166,0.21170483110684807,0.023981862628263826
Full,formation_energy_eV_atom,Lasso,-0.013012958441952686,0.01770654816051231,0.022366987639712056
Full,formation_energy_eV_atom,KNN,-0.10982997877220822,0.2649124163628288,0.024054359796845767
Full,formation_energy_eV_atom,SVR,-0.7651894442666428,0.6614752490275203,0.03240896762555456
Full,formation_energy_eV_atom,MLP (sklearn),-3.387312837803286,1.611361859336954,0.050597879319434574
Full,formation_energy_eV_atom,Random Forest,-0.14321623443260054,0.5354793270755421,0.023636758709792392
Full,formation_energy_eV_atom,Gradient Boosting,-0.5866054466116116,0.9006944144331285,0.02623298848925575
Full,formation_energy_eV_atom,XGBoost,-0.4380654245334189,0.4926271817480698,0.02679206829447072
Full,formation_energy_eV_atom,LightGBM,-0.1754524287777608,0.40231225489140576,0.025721415489391886
Full,hull_distance_eV_atom,Linear Regression,-0.06844231363018513,0.06231301181984279,0.038992051465004306
Full,hull_distance_eV_atom,Ridge,-0.06681143132721071,0.06127434433080626,0.03897130266235668
Full,hull_distance_eV_atom,Lasso,-0.006407699218357798,0.0040783775393648854,0.03809049143018066
Full,hull_distance_eV_atom,KNN,-0.17732733207177737,0.08899185554118294,0.04061757640559565
Full,hull_distance_eV_atom,SVR,-0.21436366849774566,0.11076606757142742,0.04278219345860764
Full,hull_distance_eV_atom,MLP (sklearn),-2.042035871237996,1.520624647817723,0.06371471096707616
Full,hull_distance_eV_atom,Random Forest,-0.037797978220453755,0.11372917021985837,0.03888439454691259
Full,hull_distance_eV_atom,Gradient Boosting,-0.23124341412412655,0.18092873597511877,0.0420887406319384
Full,hull_distance_eV_atom,XGBoost,-0.2515877436001245,0.1750003955316842,0.042032511407781796
Full,hull_distance_eV_atom,LightGBM,-0.2878488736079776,0.17683819363589484,0.043121230100446335
Full,total_magnetization_muB_fu,Linear Regression,0.30476199933641873,0.10742324111938777,0.18167702924018675
Full,total_magnetization_muB_fu,Ridge,0.3062261761781926,0.10814341496255032,0.1815862125746323
Full,total_magnetization_muB_fu,Lasso,0.3091807876860521,0.12968968911672704,0.18280533883673108
Full,total_magnetization_muB_fu,KNN,0.4883356480277169,0.14672029510976783,0.13802550565802368
Full,total_magnetization_muB_fu,SVR,0.6715363092221089,0.1403149212534784,0.10664367070077393
Full,total_magnetization_muB_fu,MLP (sklearn),0.44352000257724017,0.21578499665842546,0.15130384553047138
Full,total_magnetization_muB_fu,Random Forest,0.7583840441767112,0.16990020473796238,0.059642551605334305
Full,total_magnetization_muB_fu,Gradient Boosting,0.6940612915861731,0.20110536740573676,0.06370443625989831
Full,total_magnetization_muB_fu,XGBoost,0.7336936990701104,0.1738134139847475,0.060831645522606864
Full,total_magnetization_muB_fu,LightGBM,0.7692497421145088,0.1690376540555831,0.06704795299410454
Half,curie_temperature_K,Linear Regression,-0.21235398084526041,0.394155404867176,110.74720102553819
Half,curie_temperature_K,Ridge,-0.12260308401944105,0.33886990862163113,107.59446677913742
Half,curie_temperature_K,Lasso,-0.20828893842800011,0.39401093738460147,110.5449870400275
Half,curie_temperature_K,KNN,-0.24052453547103828,0.24321068147549965,114.67798213921482
Half,curie_temperature_K,SVR,-0.02178787136262778,0.036994641755904896,103.44287136355348
Half,curie_temperature_K,MLP (sklearn),-0.518192781269813,0.5579437756688566,126.50003966119279
Half,curie_temperature_K,Random Forest,-0.0978391117829934,0.28106640159085405,108.00000293999402
Half,curie_temperature_K,Gradient Boosting,-0.3745363753009083,0.5145311196081308,119.86694398363325
Half,curie_temperature_K,XGBoost,-0.3639316513186318,0.3934858239385078,119.33290551931887
Half,curie_temperature_K,LightGBM,-0.30511781229211865,0.2544712164618204,119.47217783918128
Half,formation_energy_eV_atom,Linear Regression,-0.13055983508280916,0.07348715701325219,0.06506875505497861
Half,formation_energy_eV_atom,Ridge,-0.11430892629660817,0.06332520253229228,0.06473429238701654
Half,formation_energy_eV_atom,Lasso,-0.019677873796933126,0.027506332065208392,0.06203665764688802
Half,formation_energy_eV_atom,KNN,-0.18282321078043687,0.10441193456691206,0.0670023545809278
Half,formation_energy_eV_atom,SVR,-0.20736081739996962,0.14161053464494738,0.0681184610191994
Half,formation_energy_eV_atom,MLP (sklearn),-1.2254050895844064,0.5181044113377862,0.08841554420487976
Half,formation_energy_eV_atom,Random Forest,-0.20457128802868213,0.09858584059626303,0.066937278458953
Half,formation_energy_eV_atom,Gradient Boosting,-0.522492117754496,0.14376269422574078,0.07537702602746518
Half,formation_energy_eV_atom,XGBoost,-0.5519724943550126,0.2260023760512846,0.07559773243530206
Half,formation_energy_eV_atom,LightGBM,-0.5801737414464315,0.15876090948043547,0.07669673847580763
Half,hull_distance_eV_atom,Linear Regression,-0.13270017558813935,0.0634464356809344,0.04900453583900273
Half,hull_distance_eV_atom,Ridge,-0.1083309121004573,0.04946666544020538,0.04859392843783742
Half,hull_distance_eV_atom,Lasso,-0.005392304861331946,0.0066382900529601205,0.04639948277873975
Half,hull_distance_eV_atom,KNN,-0.12549465878362728,0.10806845389913515,0.04908832882113496
Half,hull_distance_eV_atom,SVR,-0.008855132843859118,0.03525718974835883,0.04677232267818818
Half,hull_distance_eV_atom,MLP (sklearn),-2.0819544984282925,0.8672198776367764,0.07496973430101393
Half,hull_distance_eV_atom,Random Forest,-0.06648878737344913,0.07717505275861561,0.04816742517397712
Half,hull_distance_eV_atom,Gradient Boosting,-0.3058813581354419,0.13236989662274645,0.05258379781713363
Half,hull_distance_eV_atom,XGBoost,-0.28765897207002983,0.14421932641187202,0.051597606128045884
Half,hull_distance_eV_atom,LightGBM,-0.31616286572983554,0.12655776080433662,0.053058325326286425
Half,total_magnetization_muB_fu,Linear Regression,0.3790316010649695,0.11251834974567936,0.1301412359294218
Half,total_magnetization_muB_fu,Ridge,0.4045121537522776,0.11603683705352415,0.1292438495049286
Half,total_magnetization_muB_fu,Lasso,0.4318000245751864,0.11963217395532749,0.12389716571692673
Half,total_magnetization_muB_fu,KNN,0.29365989556724004,0.104284733174632,0.1407908940684279
Half,total_magnetization_muB_fu,SVR,0.10821947131416661,0.14141972876961814,0.1610427702913578
Half,total_magnetization_muB_fu,MLP (sklearn),0.14713043951297688,0.1276399317809339,0.1569394159642702
Half,total_magnetization_muB_fu,Random Forest,0.4132853372390519,0.0970181147582027,0.12821352097846472
Half,total_magnetization_muB_fu,Gradient Boosting,0.29097060648017414,0.1404266868912735,0.141099367553751
Half,total_magnetization_muB_fu,XGBoost,0.29217384500124555,0.10141963814740505,0.1423020749677982
Half,total_magnetization_muB_fu,LightGBM,0.27845242930160313,0.12739825647502281,0.14292643546440478
Inverse,curie_temperature_K,Linear Regression,0.21103965983484752,0.19956899269823195,230.8069323924
Inverse,curie_temperature_K,Ridge,0.21606249984237452,0.1916530075616271,230.55133808005056
Inverse,curie_temperature_K,Lasso,0.21111413471638515,0.1994308735185801,230.80440714533862
Inverse,curie_temperature_K,KNN,0.18930137569781105,0.21209298341536648,229.35882087118566
Inverse,curie_temperature_K,SVR,0.06871849743322543,0.060286647172760686,244.5194074600205
Inverse,curie_temperature_K,MLP (sklearn),0.3634618861187301,0.12682095839108934,211.42092692944695
Inverse,curie_temperature_K,Random Forest,0.6179152763928653,0.11338659612933348,157.7368239614878
Inverse,curie_temperature_K,Gradient Boosting,0.6188873246218851,0.136578880548319,155.30135569096146
Inverse,curie_temperature_K,XGBoost,0.5854431254631906,0.14280325728100887,157.15222677177965
Inverse,curie_temperature_K,LightGBM,0.6141143299536193,0.12522438140709402,155.02689293457874
Inverse,formation_energy_eV_atom,Linear Regression,0.20719924780826565,0.2054575801717155,0.09610833608010495
Inverse,formation_energy_eV_atom,Ridge,0.21100283435236322,0.1998527844819559,0.09600869833387682
Inverse,formation_energy_eV_atom,Lasso,0.2782630305504775,0.08841765073378705,0.09431405857519769
Inverse,formation_energy_eV_atom,KNN,0.28773544099995874,0.11099796466300338,0.09174004352967155
Inverse,formation_energy_eV_atom,SVR,0.5528696423835545,0.06801579551584211,0.07337316617906635
Inverse,formation_energy_eV_atom,MLP (sklearn),-0.036283259201682246,0.42839465508954544,0.10522769369988423
Inverse,formation_energy_eV_atom,Random Forest,0.5594537392199491,0.09830036656138842,0.0690382833823821
Inverse,formation_energy_eV_atom,Gradient Boosting,0.7376793167114026,0.07959379442862992,0.05022312284284851
Inverse,formation_energy_eV_atom,XGBoost,0.6411471437592616,0.09657012775174474,0.059532932294150506
Inverse,formation_energy_eV_atom,LightGBM,0.6928525306170056,0.09038229206461677,0.05314851455407909
Inverse,hull_distance_eV_atom,Linear Regression,0.417288385527626,0.09138646744227087,0.04777476943099702
Inverse,hull_distance_eV_atom,Ridge,0.4222547151439521,0.08566435113770354,0.04767852009212522
Inverse,hull_distance_eV_atom,Lasso,0.24061425060240993,0.048078766325675745,0.0568371857921394
Inverse,hull_distance_eV_atom,KNN,0.30582533227305786,0.111455945133759,0.05216137772592126
Inverse,hull_distance_eV_atom,SVR,0.3001006043666612,0.045457519506831814,0.055530255147114044
Inverse,hull_distance_eV_atom,MLP (sklearn),-2.2390089852784736,1.6751714528745443,0.10477390595494819
Inverse,hull_distance_eV_atom,Random Forest,0.6526403406058119,0.08203476233255982,0.036338250193855885
Inverse,hull_distance_eV_atom,Gradient Boosting,0.6663244768595362,0.0871236633155248,0.035518611906603076
Inverse,hull_distance_eV_atom,XGBoost,0.6531143719290834,0.08286757086826693,0.035609754274372366
Inverse,hull_distance_eV_atom,LightGBM,0.6910073739991919,0.08564004426247598,0.03387681499322966
Inverse,total_magnetization_muB_fu,Linear Regression,0.28650099784942107,0.10140202524645131,1.155949426801672
Inverse,total_magnetization_muB_fu,Ridge,0.28777444102852656,0.09932498189550344,1.1558767740043825
Inverse,total_magnetization_muB_fu,Lasso,0.29260237363088903,0.09154882802932407,1.1541890082320994
Inverse,total_magnetization_muB_fu,KNN,0.4228962319613874,0.14287386133596747,0.925154854216166
Inverse,total_magnetization_muB_fu,SVR,0.5156462976814614,0.15760921042512213,0.8238915392588873
Inverse,total_magnetization_muB_fu,MLP (sklearn),0.30732893452369403,0.11286643650382315,1.0859164251896039
Inverse,total_magnetization_muB_fu,Random Forest,0.7271992557802386,0.12693303622156907,0.5342177596285519
Inverse,total_magnetization_muB_fu,Gradient Boosting,0.7078863005282513,0.12889585447383042,0.5290118245400321
Inverse,total_magnetization_muB_fu,XGBoost,0.7178135606781115,0.13637049603388746,0.47975066559533536
Inverse,total_magnetization_muB_fu,LightGBM,0.7100394093504044,0.10249941344814505,0.5889093742703989
Quaternary,curie_temperature_K,Linear Regression,-0.9855040645383325,1.7981408415248417,146.11209218038624
Quaternary,curie_temperature_K,Ridge,-0.12862426407033822,0.20405029357263885,135.01091463343974
Quaternary,curie_temperature_K,Lasso,-0.8816618186418328,1.6437201980637055,145.3010745442119
Quaternary,curie_temperature_K,KNN,-0.2798966954087032,0.16803664028797627,144.24318993030073
Quaternary,curie_temperature_K,SVR,-0.04960195325416147,0.05083103484817931,130.3421399635107
Quaternary,curie_temperature_K,MLP (sklearn),-0.8614068966845121,1.0525503126388738,160.884543878705
Quaternary,curie_temperature_K,Random Forest,-0.213153782627342,0.16099044097461104,138.7592606637134
Quaternary,curie_temperature_K,Gradient Boosting,-0.6900997161603805,0.2672954775270566,163.98892253267982
Quaternary,curie_temperature_K,XGBoost,-0.5139755811044715,0.19744374729717207,156.2839528652606
Quaternary,curie_temperature_K,LightGBM,-0.47073224683246645,0.23781239071670138,152.80550933785216
Quaternary,formation_energy_eV_atom,Linear Regression,-0.6030770602495227,0.875514690057404,0.08186287853188133
Quaternary,formation_energy_eV_atom,Ridge,-0.18396853930302418,0.07607349272392584,0.07739857543306436
Quaternary,formation_energy_eV_atom,Lasso,-0.05279544285956168,0.05260802330483998,0.07254111618182293
Quaternary,formation_energy_eV_atom,KNN,-0.23536823180218716,0.12214096407633947,0.0799238837067579
Quaternary,formation_energy_eV_atom,SVR,-0.5410590958669927,0.18477230200427586,0.08858282373128584
Quaternary,formation_energy_eV_atom,MLP (sklearn),-2.807838112762096,2.0817714647694636,0.13498850275291616
Quaternary,formation_energy_eV_atom,Random Forest,-0.24740024900500726,0.09339198821762859,0.08016859550658366
Quaternary,formation_energy_eV_atom,Gradient Boosting,-0.6625680269227312,0.24863123000221535,0.09181498088662585
Quaternary,formation_energy_eV_atom,XGBoost,-0.49577714819817775,0.1967435754075549,0.08747127737263863
Quaternary,formation_energy_eV_atom,LightGBM,-0.5315253300284358,0.23956009869575076,0.0890447561438934
Quaternary,hull_distance_eV_atom,Linear Regression,-1.0662512892466551,3.4138891009161583,0.05785691411601488
Quaternary,hull_distance_eV_atom,Ridge,-0.4243741342752825,1.2606681322920141,0.05520455728187776
Quaternary,hull_distance_eV_atom,Lasso,-0.012608079639086774,0.014507027354073634,0.05168897498984972
Quaternary,hull_distance_eV_atom,KNN,-0.13279860972160812,0.16405852660510598,0.053802050588892016
Quaternary,hull_distance_eV_atom,SVR,-0.15192414059615783,0.1170009052370016,0.05499126953712283
Quaternary,hull_distance_eV_atom,MLP (sklearn),-3.7994175097591185,1.6637250807360455,0.10921659788280294
Quaternary,hull_distance_eV_atom,Random Forest,-0.12936949937809633,0.13484013160922706,0.053464869654556525
Quaternary,hull_distance_eV_atom,Gradient Boosting,-0.516489376204357,0.23358798375954748,0.06121134431094713
Quaternary,hull_distance_eV_atom,XGBoost,-0.47855798043665565,0.3229248396823826,0.06103676479828628
Quaternary,hull_distance_eV_atom,LightGBM,-0.47605686969778166,0.24019384305311334,0.061089108702013804
Quaternary,total_magnetization_muB_fu,Linear Regression,-0.9661792701732554,2.0815797705815164,0.13094397907134472
Quaternary,total_magnetization_muB_fu,Ridge,-0.20047227847527244,0.41608479219845135,0.12185747501902669
Quaternary,total_magnetization_muB_fu,Lasso,-0.02949199063688114,0.03594084077299621,0.11660140721399728
Quaternary,total_magnetization_muB_fu,KNN,-0.3137805307112668,0.18968247120149695,0.13230767212829295
Quaternary,total_magnetization_muB_fu,SVR,-0.6742787174517202,0.4386160731238341,0.1473141066881028
Quaternary,total_magnetization_muB_fu,MLP (sklearn),-1.9556951918331367,1.6688895401515524,0.18709573782312774
Quaternary,total_magnetization_muB_fu,Random Forest,-0.2500101228388157,0.14992869545717605,0.1269461831451709
Quaternary,total_magnetization_muB_fu,Gradient Boosting,-0.6365883828756735,0.25638729992803444,0.14311711462603072
Quaternary,total_magnetization_muB_fu,XGBoost,-0.6019241607606636,0.19148675241472335,0.1444025328241387
Quaternary,total_magnetization_muB_fu,LightGBM,-0.52489140021436,0.25412087906099673,0.14048246892180227
