family,target,pooled_cv_r2,pooled_cv_mae,family_cv_r2,family_cv_mae,pooled_holdout_r2,pooled_holdout_mae,family_holdout_r2,family_holdout_mae,family_best_model,pooled_model
Full,curie_temperature_K,0.5641768164716118,53.791195791634586,0.581722280715893,58.50228985803212,0.6759010207318465,58.083246753246755,0.7429178484751364,53.60861137245956,LightGBM,Random Forest
Full,formation_energy_eV_atom,0.09297765320201042,0.023370927605755706,-0.013012958441952686,0.022366987639712056,-0.527728142172061,0.031956883116883085,-0.02277762829480201,0.02799706067604451,Lasso,Random Forest
Full,hull_distance_eV_atom,-0.03132536478842226,0.03927366306052348,-0.006407699218357798,0.03809049143018066,0.13070998315585547,0.04425202189982684,-0.001365881946565617,0.04622965717884887,Lasso,Random Forest
Full,total_magnetization_muB_fu,0.7889269128315824,0.062332713051064935,0.7692497421145088,0.06704795299410454,0.6884621257216654,0.08732595536796543,0.7499012354416547,0.07667586419101917,LightGBM,Random Forest
Half,curie_temperature_K,-0.02537927601291264,107.2806873540207,-0.02178787136262778,103.44287136355348,-0.7359417679017566,120.84511111111117,-0.03926796318935133,92.25633334522452,SVR,Random Forest
Half,formation_energy_eV_atom,-0.11881113630515094,0.06586879800869201,-0.019677873796933126,0.06203665764688802,-0.19854724023312853,0.06917134649655553,-0.05010033294654592,0.06630638288288287,Lasso,Random Forest
Half,hull_distance_eV_atom,-0.021180166831629783,0.04715975880291625,-0.005392304861331946,0.04639948277873975,-0.054102703646611294,0.04648022528605554,-0.011502091905994716,0.044821591141141134,Lasso,Random Forest
Half,total_magnetization_muB_fu,0.4010069502772726,0.12823027978178175,0.4318000245751864,0.12389716571692673,0.48254520678820156,0.11783339305555567,0.5255486904784508,0.10949534351690156,Lasso,Random Forest
Inverse,curie_temperature_K,0.5914988651506526,164.7777686225552,0.6188873246218851,155.30135569096146,0.7961368263023512,114.12622695035469,0.7289855385545158,141.60030647858665,Gradient Boosting,Random Forest
Inverse,formation_energy_eV_atom,0.5957642199761767,0.06912627053837701,0.7376793167114026,0.05022312284284851,0.5338951478372995,0.06904984468460999,0.8068732938801187,0.04616312716543305,Gradient Boosting,Random Forest
Inverse,hull_distance_eV_atom,0.6545029186495015,0.03746428991187267,0.6910073739991919,0.03387681499322966,0.7271747909263211,0.031095320217375898,0.7551586856824273,0.029558380298855855,LightGBM,Random Forest
Inverse,total_magnetization_muB_fu,0.7140598911680204,0.5376602624362578,0.7271992557802386,0.5342177596285519,0.7194165182942414,0.49846941767316805,0.7240964433378905,0.497298057878251,Random Forest,Random Forest
Quaternary,curie_temperature_K,-0.2048690605987308,141.04805850340134,-0.04960195325416147,130.3421399635107,-0.36067640580589266,138.14163565891474,-0.04561953387787576,110.9727606471601,SVR,Random Forest
Quaternary,formation_energy_eV_atom,-0.18412903703073744,0.0791649568702585,-0.05279544285956168,0.07254111618182293,-0.0018156331079763888,0.09073352894131781,-0.0015600530763264508,0.09286533080208828,Lasso,Random Forest
Quaternary,hull_distance_eV_atom,-0.10628229866973278,0.05394659123381406,-0.012608079639086774,0.05168897498984972,-0.08816881286709277,0.05100190722744185,-0.020560133141427128,0.04938054617940199,Lasso,Random Forest
Quaternary,total_magnetization_muB_fu,-0.2133432405348541,0.12818159102040813,-0.02949199063688114,0.11660140721399728,-0.21970882050130136,0.11814145480620158,-0.03516665847341005,0.10868465376156596,Lasso,Random Forest
